{"252132.0": [396301.0, 396301.0], "252132.0.weights": [0.0666666666667, 0.0666666666667], "396301.0": [252132.0, 252132.0], "396301.0.weights": [0.125, 0.125], "711060.0": [705901.0, 705901.0], "711060.0.weights": [0.0833333333333, 0.0833333333333], "705901.0": [711060.0, 711060.0], "705901.0.weights": [0.0833333333333, 0.0833333333333], "743713.0": [276373.0, 276373.0], "743713.0.weights": [0.0416666666667, 0.0416666666667], "276373.0": [743713.0, 743713.0], "276373.0.weights": [0.05, 0.05], "574582.0": [821403.0, 821403.0], "574582.0.weights": [0.0833333333333, 0.0833333333333], "821403.0": [574582.0, 574582.0], "821403.0.weights": [0.010752688172, 0.010752688172], "23810.0": [239348.0, 239348.0], "23810.0.weights": [0.0625, 0.0625], "239348.0": [23810.0, 23810.0], "239348.0.weights": [0.025, 0.025], "483345.0": [1007973.0, 1007973.0], "483345.0.weights": [0.0666666666667, 0.0666666666667], "1007973.0": [483345.0, 483345.0], "1007973.0.weights": [0.04, 0.04], "347284.0": [687988.0, 405726.0, 687988.0, 405726.0], "347284.0.weights": [0.0357142857143, 0.0909090909091, 0.0357142857143, 0.0909090909091], "687988.0": [347284.0, 347284.0, 405726.0, 405726.0], "687988.0.weights": [0.025, 0.025, 0.0909090909091, 0.0909090909091], "405726.0": [347284.0, 687988.0, 347284.0, 687988.0], "405726.0.weights": [0.025, 0.0357142857143, 0.025, 0.0357142857143], "100553.0": [333223.0, 333223.0], "100553.0.weights": [0.0138888888889, 0.0138888888889], "333223.0": [100553.0, 244213.0, 244213.0, 100553.0], "333223.0.weights": [0.0116279069767, 0.0714285714286, 0.0714285714286, 0.0116279069767], "707227.0": [296445.0, 296445.0], "707227.0.weights": [0.0454545454545, 0.0454545454545], "296445.0": [707227.0, 707227.0], "296445.0.weights": [0.0263157894737, 0.0263157894737], "109025.0": [399702.0, 399702.0], "109025.0.weights": [0.0192307692308, 0.0192307692308], "399702.0": [109025.0, 109025.0], "399702.0.weights": [0.0909090909091, 0.0909090909091], "734405.0": [207379.0, 207379.0], "734405.0.weights": [0.0212765957447, 0.0212765957447], "207379.0": [734405.0, 734405.0], "207379.0.weights": [0.0769230769231, 0.0769230769231], "495124.0": [119619.0, 119619.0], "495124.0.weights": [0.01, 0.01], "119619.0": [495124.0, 495124.0, 703074.0, 703074.0], "119619.0.weights": [0.1, 0.1, 0.0714285714286, 0.0714285714286], "376640.0": [324088.0, 324088.0], "376640.0.weights": [0.01, 0.01], "324088.0": [376640.0, 577139.0, 376640.0, 574932.0, 574932.0, 577139.0], "324088.0.weights": [0.333333333333, 0.0909090909091, 0.333333333333, 0.0909090909091, 0.0909090909091, 0.0909090909091], "661615.0": [816237.0, 816237.0], "661615.0.weights": [0.025641025641, 0.025641025641], "816237.0": [661615.0, 661615.0], "816237.0.weights": [0.0833333333333, 0.0833333333333], "889157.0": [266895.0, 266895.0], "889157.0.weights": [0.05, 0.05], "266895.0": [889157.0, 889157.0], "266895.0.weights": [0.0833333333333, 0.0833333333333], "385796.0": [221329.0, 221329.0], "385796.0.weights": [0.027027027027, 0.027027027027], "221329.0": [385796.0, 385796.0], "221329.0.weights": [0.0526315789474, 0.0526315789474], "577139.0": [324088.0, 324088.0], "577139.0.weights": [0.01, 0.01], "574932.0": [324088.0, 324088.0], "574932.0.weights": [0.01, 0.01], "138019.0": [698566.0, 698566.0], "138019.0.weights": [0.0714285714286, 0.0714285714286], "698566.0": [138019.0, 138019.0], "698566.0.weights": [0.0333333333333, 0.0333333333333], "265044.0": [263211.0, 263211.0], "265044.0.weights": [0.0333333333333, 0.0333333333333], "263211.0": [265044.0, 265044.0], "263211.0.weights": [0.0714285714286, 0.0714285714286], "689402.0": [416774.0, 416774.0], "689402.0.weights": [0.0333333333333, 0.0333333333333], "416774.0": [689402.0, 689402.0], "416774.0.weights": [0.0909090909091, 0.0909090909091], "829247.0": [905183.0, 905183.0], "829247.0.weights": [0.0833333333333, 0.0833333333333], "905183.0": [829247.0, 829247.0], "905183.0.weights": [0.0526315789474, 0.0526315789474], "398681.0": [89029.0, 89029.0], "398681.0.weights": [0.0454545454545, 0.0454545454545], "89029.0": [398681.0, 398681.0], "89029.0.weights": [0.04, 0.04], "329130.0": [749137.0, 749137.0], "329130.0.weights": [0.0357142857143, 0.0357142857143], "749137.0": [329130.0, 329130.0], "749137.0.weights": [0.025641025641, 0.025641025641], "211696.0": [318251.0, 318251.0], "211696.0.weights": [0.0217391304348, 0.0217391304348], "318251.0": [211696.0, 211696.0], "318251.0.weights": [0.0833333333333, 0.0833333333333], "267311.0": [105123.0, 105123.0], "267311.0.weights": [0.1, 0.1], "105123.0": [267311.0, 267311.0], "105123.0.weights": [0.0204081632653, 0.0204081632653], "817002.0": [256078.0, 256078.0], "817002.0.weights": [0.0416666666667, 0.0416666666667], "256078.0": [817002.0, 817002.0], "256078.0.weights": [0.1, 0.1], "244536.0": [442144.0, 442144.0], "244536.0.weights": [0.0344827586207, 0.0344827586207], "442144.0": [244536.0, 244536.0], "442144.0.weights": [0.0833333333333, 0.0833333333333], "236110.0": [102717.0, 102717.0], "236110.0.weights": [0.0625, 0.0625], "102717.0": [236110.0, 236110.0], "102717.0.weights": [0.0108695652174, 0.0108695652174], "244213.0": [333223.0, 333223.0], "244213.0.weights": [0.0138888888889, 0.0138888888889], "346222.0": [299097.0, 299097.0], "346222.0.weights": [0.0384615384615, 0.0384615384615], "299097.0": [346222.0, 346222.0], "299097.0.weights": [0.0526315789474, 0.0526315789474], "252786.0": [464698.0, 464698.0], "252786.0.weights": [0.1, 0.1], "464698.0": [252786.0, 252786.0], "464698.0.weights": [0.0526315789474, 0.0526315789474], "123228.0": [155313.0, 155313.0], "123228.0.weights": [0.0151515151515, 0.0151515151515], "155313.0": [123228.0, 123228.0], "155313.0.weights": [0.1, 0.1], "78068.0": [435114.0, 435114.0], "78068.0.weights": [0.1, 0.1], "435114.0": [78068.0, 78068.0], "435114.0.weights": [0.0666666666667, 0.0666666666667], "197304.0": [153786.0, 153786.0], "197304.0.weights": [0.0909090909091, 0.0909090909091], "153786.0": [197304.0, 197304.0], "153786.0.weights": [0.0666666666667, 0.0666666666667], "880375.0": [765378.0, 765378.0], "880375.0.weights": [0.0625, 0.0625], "765378.0": [880375.0, 880375.0], "765378.0.weights": [0.0416666666667, 0.0416666666667], "890184.0": [836788.0, 836788.0], "890184.0.weights": [0.025, 0.025], "836788.0": [890184.0, 890184.0], "836788.0.weights": [0.047619047619, 0.047619047619], "821326.0": [48984.0, 48984.0], "821326.0.weights": [0.0322580645161, 0.0322580645161], "48984.0": [821326.0, 821326.0], "48984.0.weights": [0.0909090909091, 0.0909090909091], "272190.0": [221007.0, 221007.0], "272190.0.weights": [0.03125, 0.03125], "221007.0": [272190.0, 272190.0], "221007.0.weights": [0.0666666666667, 0.0666666666667], "87114.0": [56253.0, 56253.0], "87114.0.weights": [0.037037037037, 0.037037037037], "56253.0": [87114.0, 87114.0], "56253.0.weights": [0.0909090909091, 0.0909090909091], "674973.0": [778804.0, 778804.0], "674973.0.weights": [0.0833333333333, 0.0833333333333], "778804.0": [674973.0, 674973.0], "778804.0.weights": [0.0188679245283, 0.0188679245283], "184212.0": [195023.0, 195023.0], "184212.0.weights": [0.01, 0.01], "195023.0": [184212.0, 184212.0], "195023.0.weights": [0.333333333333, 0.333333333333], "162327.0": [246935.0, 246935.0], "162327.0.weights": [0.025641025641, 0.025641025641], "246935.0": [162327.0, 162327.0], "246935.0.weights": [0.0769230769231, 0.0769230769231], "806345.0": [401100.0, 401100.0], "806345.0.weights": [0.1, 0.1], "401100.0": [806345.0, 806345.0], "401100.0.weights": [0.0625, 0.0625], "106246.0": [981311.0, 981311.0], "106246.0.weights": [0.0344827586207, 0.0344827586207], "981311.0": [106246.0, 106246.0], "981311.0.weights": [0.0243902439024, 0.0243902439024], "601602.0": [183906.0, 183906.0], "601602.0.weights": [0.0384615384615, 0.0384615384615], "183906.0": [601602.0, 601602.0], "183906.0.weights": [0.0909090909091, 0.0909090909091], "254549.0": [645459.0, 645459.0], "254549.0.weights": [0.0714285714286, 0.0714285714286],